CREATE DATABASE  IF NOT EXISTS `grandesAlmacenes` /*!40100 DEFAULT CHARACTER SET utf8mb4 COLLATE utf8mb4_0900_ai_ci */ /*!80016 DEFAULT ENCRYPTION='N' */;
USE `grandesAlmacenes`;
-- MySQL dump 10.13  Distrib 8.0.26, for Win64 (x86_64)
--
-- Host: 192.168.1.175    Database: grandesAlmacenes
-- ------------------------------------------------------
-- Server version	8.0.26

/*!40101 SET @OLD_CHARACTER_SET_CLIENT=@@CHARACTER_SET_CLIENT */;
/*!40101 SET @OLD_CHARACTER_SET_RESULTS=@@CHARACTER_SET_RESULTS */;
/*!40101 SET @OLD_COLLATION_CONNECTION=@@COLLATION_CONNECTION */;
/*!50503 SET NAMES utf8 */;
/*!40103 SET @OLD_TIME_ZONE=@@TIME_ZONE */;
/*!40103 SET TIME_ZONE='+00:00' */;
/*!40014 SET @OLD_UNIQUE_CHECKS=@@UNIQUE_CHECKS, UNIQUE_CHECKS=0 */;
/*!40014 SET @OLD_FOREIGN_KEY_CHECKS=@@FOREIGN_KEY_CHECKS, FOREIGN_KEY_CHECKS=0 */;
/*!40101 SET @OLD_SQL_MODE=@@SQL_MODE, SQL_MODE='NO_AUTO_VALUE_ON_ZERO' */;
/*!40111 SET @OLD_SQL_NOTES=@@SQL_NOTES, SQL_NOTES=0 */;

--
-- Table structure for table `Cajeros`
--

DROP TABLE IF EXISTS `Cajeros`;
/*!40101 SET @saved_cs_client     = @@character_set_client */;
/*!50503 SET character_set_client = utf8mb4 */;
CREATE TABLE `Cajeros` (
  `codigo` int NOT NULL,
  `nomApels` varchar(255) DEFAULT NULL,
  PRIMARY KEY (`codigo`)
) ENGINE=InnoDB DEFAULT CHARSET=utf8mb4 COLLATE=utf8mb4_0900_ai_ci;
/*!40101 SET character_set_client = @saved_cs_client */;

--
-- Dumping data for table `Cajeros`
--

LOCK TABLES `Cajeros` WRITE;
/*!40000 ALTER TABLE `Cajeros` DISABLE KEYS */;
INSERT INTO `Cajeros` VALUES (1,'Caja 1'),(2,'Caja 2'),(3,'Caja 3'),(4,'Caja 4'),(5,'Caja 5'),(6,'Caja 6'),(7,'Caja 7'),(8,'Caja 8'),(9,'Caja 9');
/*!40000 ALTER TABLE `Cajeros` ENABLE KEYS */;
UNLOCK TABLES;

--
-- Table structure for table `Maquinas`
--

DROP TABLE IF EXISTS `Maquinas`;
/*!40101 SET @saved_cs_client     = @@character_set_client */;
/*!50503 SET character_set_client = utf8mb4 */;
CREATE TABLE `Maquinas` (
  `codigo` int NOT NULL,
  `piso` int DEFAULT NULL,
  PRIMARY KEY (`codigo`)
) ENGINE=InnoDB DEFAULT CHARSET=utf8mb4 COLLATE=utf8mb4_0900_ai_ci;
/*!40101 SET character_set_client = @saved_cs_client */;

--
-- Dumping data for table `Maquinas`
--

LOCK TABLES `Maquinas` WRITE;
/*!40000 ALTER TABLE `Maquinas` DISABLE KEYS */;
INSERT INTO `Maquinas` VALUES (1,1),(2,1),(3,2),(4,2),(5,2),(6,1),(7,1),(8,3),(9,3);
/*!40000 ALTER TABLE `Maquinas` ENABLE KEYS */;
UNLOCK TABLES;

--
-- Table structure for table `Productos`
--

DROP TABLE IF EXISTS `Productos`;
/*!40101 SET @saved_cs_client     = @@character_set_client */;
/*!50503 SET character_set_client = utf8mb4 */;
CREATE TABLE `Productos` (
  `codigo` int NOT NULL,
  `nombre` varchar(100) DEFAULT NULL,
  `precio` int DEFAULT NULL,
  PRIMARY KEY (`codigo`)
) ENGINE=InnoDB DEFAULT CHARSET=utf8mb4 COLLATE=utf8mb4_0900_ai_ci;
/*!40101 SET character_set_client = @saved_cs_client */;

--
-- Dumping data for table `Productos`
--

LOCK TABLES `Productos` WRITE;
/*!40000 ALTER TABLE `Productos` DISABLE KEYS */;
INSERT INTO `Productos` VALUES (1,'Platano',2),(2,'Manzana',3),(3,'Pizza',5),(4,'Queso',3),(5,'Macarrones',8),(6,'Television',25),(7,'Champu',5),(8,'Fanta',3),(9,'Acuarius',5);
/*!40000 ALTER TABLE `Productos` ENABLE KEYS */;
UNLOCK TABLES;

--
-- Table structure for table `Venta`
--

DROP TABLE IF EXISTS `Venta`;
/*!40101 SET @saved_cs_client     = @@character_set_client */;
/*!50503 SET character_set_client = utf8mb4 */;
CREATE TABLE `Venta` (
  `cajero` int NOT NULL,
  `maquina` int NOT NULL,
  `producto` int NOT NULL,
  PRIMARY KEY (`cajero`,`maquina`,`producto`),
  KEY `maquina` (`maquina`),
  KEY `producto` (`producto`),
  CONSTRAINT `Venta_ibfk_1` FOREIGN KEY (`cajero`) REFERENCES `Cajeros` (`codigo`) ON DELETE CASCADE ON UPDATE CASCADE,
  CONSTRAINT `Venta_ibfk_2` FOREIGN KEY (`maquina`) REFERENCES `Maquinas` (`codigo`) ON DELETE CASCADE ON UPDATE CASCADE,
  CONSTRAINT `Venta_ibfk_3` FOREIGN KEY (`producto`) REFERENCES `Productos` (`codigo`) ON DELETE CASCADE ON UPDATE CASCADE
) ENGINE=InnoDB DEFAULT CHARSET=utf8mb4 COLLATE=utf8mb4_0900_ai_ci;
/*!40101 SET character_set_client = @saved_cs_client */;

--
-- Dumping data for table `Venta`
--

LOCK TABLES `Venta` WRITE;
/*!40000 ALTER TABLE `Venta` DISABLE KEYS */;
INSERT INTO `Venta` VALUES (6,1,1),(2,2,3),(3,3,5),(7,3,5),(1,5,2),(4,5,3),(9,7,5),(5,9,8),(8,9,3);
/*!40000 ALTER TABLE `Venta` ENABLE KEYS */;
UNLOCK TABLES;
/*!40103 SET TIME_ZONE=@OLD_TIME_ZONE */;

/*!40101 SET SQL_MODE=@OLD_SQL_MODE */;
/*!40014 SET FOREIGN_KEY_CHECKS=@OLD_FOREIGN_KEY_CHECKS */;
/*!40014 SET UNIQUE_CHECKS=@OLD_UNIQUE_CHECKS */;
/*!40101 SET CHARACTER_SET_CLIENT=@OLD_CHARACTER_SET_CLIENT */;
/*!40101 SET CHARACTER_SET_RESULTS=@OLD_CHARACTER_SET_RESULTS */;
/*!40101 SET COLLATION_CONNECTION=@OLD_COLLATION_CONNECTION */;
/*!40111 SET SQL_NOTES=@OLD_SQL_NOTES */;

-- Dump completed on 2021-07-27 12:23:00
